{
    "__comment": "Fair warning, this format is highly likely to change even more in the future!",
    "useAmbientOcclusion": false,
    "elements": [
        {   "__comment": "Left-hand post",
            "type": "cube",
            "from": [ 0, 5, 7 ],
            "to": [ 2, 16, 9 ],
            "faceData": {
                "down":  { "uv": [ 0, 7, 2,  9 ], "textureFacing": "down",  "cull": false },
                "up":    { "uv": [ 0, 7, 2,  9 ], "textureFacing": "up",    "cull": false },
                "north": { "uv": [ 0, 0, 2, 11 ], "textureFacing": "north", "cull": false },
                "south": { "uv": [ 0, 0, 2, 11 ], "textureFacing": "south", "cull": false },
                "west":  { "uv": [ 7, 0, 9, 11 ], "textureFacing": "west" },
                "east":  { "uv": [ 7, 0, 9, 11 ], "textureFacing": "east",  "cull": false }
            }
        },
        {   "__comment": "Right-hand post",
            "type": "cube",
            "from": [ 14, 5, 7 ],
            "to": [ 16, 16, 9 ],
            "faceData": {
                "down":  { "uv": [ 14, 7, 16,  9 ], "textureFacing": "down",  "cull": false },
                "up":    { "uv": [ 14, 7, 16,  9 ], "textureFacing": "up",    "cull": false },
                "north": { "uv": [ 14, 0, 16, 11 ], "textureFacing": "north", "cull": false },
                "south": { "uv": [ 14, 0, 16, 11 ], "textureFacing": "south", "cull": false },
                "west":  { "uv": [  7, 0,  9, 11 ], "textureFacing": "west",  "cull": false },
                "east":  { "uv": [  7, 0,  9, 11 ], "textureFacing": "east" }
            }
        },
        {   "__comment": "Inner vertical post of left-hand gate door",
            "type": "cube",
            "from": [ 0, 6, 13 ],
            "to": [ 2, 15, 15 ],
            "faceData": {
                "down":  { "uv": [  0, 13,  2, 15 ], "textureFacing": "down",  "cull": false },
                "up":    { "uv": [  0, 13,  2, 15 ], "textureFacing": "up",    "cull": false },
                "north": { "uv": [  0,  1,  2, 10 ], "textureFacing": "north", "cull": false },
                "south": { "uv": [  0,  1,  2, 10 ], "textureFacing": "south", "cull": false },
                "west":  { "uv": [ 13,  1, 15, 10 ], "textureFacing": "west",  "cull": false },
                "east":  { "uv": [ 13,  1, 15, 10 ], "textureFacing": "east",  "cull": false }
            }
        },
        {   "__comment": "Inner vertical post of right-hand gate door",
            "type": "cube",
            "from": [ 14, 6, 13 ],
            "to": [ 16, 15, 15 ],
            "faceData": {
                "down":  { "uv": [ 14, 13, 16, 15 ], "textureFacing": "down",  "cull": false },
                "up":    { "uv": [ 14, 13, 16, 15 ], "textureFacing": "up",    "cull": false },
                "north": { "uv": [ 14,  1, 16, 10 ], "textureFacing": "north", "cull": false },
                "south": { "uv": [ 14,  1, 16, 10 ], "textureFacing": "south", "cull": false },
                "west":  { "uv": [ 13,  1, 15, 10 ], "textureFacing": "west",  "cull": false },
                "east":  { "uv": [ 13,  1, 15, 10 ], "textureFacing": "east",  "cull": false }
            }
        },
        {   "__comment": "Lower horizontal bar of left-hand gate door",
            "type": "cube",
            "from": [ 0, 6, 9 ],
            "to": [ 2, 9, 13 ],
            "faceData": {
                "down":  { "uv": [  0, 9,  2, 13 ], "textureFacing": "down",  "cull": false },
                "up":    { "uv": [  0, 9,  2, 13 ], "textureFacing": "up",    "cull": false },
                "west":  { "uv": [ 13, 7, 15, 10 ], "textureFacing": "west",  "cull": false },
                "east":  { "uv": [ 13, 7, 15, 10 ], "textureFacing": "east",  "cull": false }
            }
        },
        {   "__comment": "Upper horizontal bar of left-hand gate door",
            "type": "cube",
            "from": [ 0, 12, 9 ],
            "to": [ 2, 15, 13 ],
            "faceData": {
                "down":  { "uv": [  0, 9,  2, 13 ], "textureFacing": "down",  "cull": false },
                "up":    { "uv": [  0, 9,  2, 13 ], "textureFacing": "up",    "cull": false },
                "west":  { "uv": [ 13, 1, 15,  4 ], "textureFacing": "west",  "cull": false },
                "east":  { "uv": [ 13, 1, 15,  4 ], "textureFacing": "east",  "cull": false }
            }
        },
        {   "__comment": "Lower horizontal bar of left-hand gate door",
            "type": "cube",
            "from": [ 14, 6, 9 ],
            "to": [ 16, 9, 13 ],
            "faceData": {
                "down":  { "uv": [ 14, 9, 16, 13 ], "textureFacing": "down",  "cull": false },
                "up":    { "uv": [ 14, 9, 16, 13 ], "textureFacing": "up",    "cull": false },
                "west":  { "uv": [ 13, 7, 15, 10 ], "textureFacing": "west",  "cull": false },
                "east":  { "uv": [ 13, 7, 15, 10 ], "textureFacing": "east",  "cull": false }
            }
        },
        {   "__comment": "Upper horizontal bar of left-hand gate door",
            "type": "cube",
            "from": [ 14, 12, 9 ],
            "to": [ 16, 15, 13 ],
            "faceData": {
                "down":  { "uv": [ 14, 9, 16, 13 ], "textureFacing": "down",  "cull": false },
                "up":    { "uv": [ 14, 9, 16, 13 ], "textureFacing": "up",    "cull": false },
                "west":  { "uv": [ 13, 1, 15,  4 ], "textureFacing": "west",  "cull": false },
                "east":  { "uv": [ 13, 1, 15,  4 ], "textureFacing": "east",  "cull": false }
            }
        }
    ]
}
