{
    "__comment": "Fair warning, this format is highly likely to change even more in the future!",
    "useAmbientOcclusion": false,
    "inventoryRender3D": false,
    "elements": [
        {   "type": "plane",
            "from": [ -1, 3.5, 7 ],
            "to": [ 1, 3.5, 9 ],
            "facing": "down",
            "origin": [ 0, 3.5, 8 ],
            "rotation": [ 0, 0, -22.5 ],
            "faceData": {
                "uv": [ 7, 13, 9, 15 ],
                "textureFacing": "down",
                "cull": false
            }
        },
        {   "type": "plane",
            "from": [ -1, 13.5, 7 ],
            "to": [ 1, 13.5, 9 ],
            "facing": "up",
            "origin": [ 0, 3.5, 8 ],
            "rotation": [ 0, 0, -22.5 ],
            "faceData": {
                "uv": [ 7, 6, 9, 8 ],
                "textureFacing": "down",
                "cull": false
            }
        },
        {   "type": "plane",
            "from": [ -1, 3.5, 0 ],
            "to": [ -1, 19.5, 16 ],
            "facing": "west",
            "origin": [ 0, 3.5, 8 ],
            "rotation": [ 0, 0, -22.5 ],
            "faceData": {
                "uv": [ 0, 0, 16, 16 ],
                "textureFacing": "down",
                "cull": false
            }
        },
        {   "type": "plane",
            "from": [ 1, 3.5, 0 ],
            "to": [ 1, 19.5, 16 ],
            "facing": "east",
            "origin": [ 0, 3.5, 8 ],
            "rotation": [ 0, 0, -22.5 ],
            "faceData": {
                "uv": [ 0, 0, 16, 16 ],
                "textureFacing": "down",
                "cull": false
            }
        },
        {   "type": "plane",
            "from": [ -8, 3.5, 9 ],
            "to": [ 8, 19.5, 9 ],
            "facing": "south",
            "origin": [ 0, 3.5, 8 ],
            "rotation": [ 0, 0, -22.5 ],
            "faceData": {
                "uv": [ 0, 0, 16, 16 ],
                "textureFacing": "down",
                "cull": false
            }
        },
        {   "type": "plane",
            "from": [ -8, 3.5, 7 ],
            "to": [ 8, 19.5, 7 ],
            "facing": "north",
            "origin": [ 0, 3.5, 8 ],
            "rotation": [ 0, 0, -22.5 ],
            "faceData": {
                "uv": [ 0, 0, 16, 16 ],
                "textureFacing": "down",
                "cull": false
            }
        }
    ]
}
